{"cameraMode":{"drawMode":0,"name":"Shaded","section":"Shading Mode"},"sceneLighting":true,"audioPlay":false,"sceneViewState":{"m_AlwaysRefresh":false,"showFog":true,"showSkybox":true,"showFlares":true,"showImageEffects":true,"showParticleSystems":true,"showVisualEffectGraphs":true,"m_FxEnabled":true},"in2DMode":false,"pivot":{"x":-6.467635154724121,"y":1.0866055488586426,"z":-0.9430732727050781},"rotation":{"x":0.0012977253645658494,"y":-0.9913792610168457,"z":0.009815461933612824,"w":0.13072973489761353},"size":8.35539436340332,"orthographic":true}